,antecedents,consequents,support,confidence
0,"frozenset({'black (48.5,97.1]'})","frozenset({'asian (-0.049,4.9]'})",0.3076923076923077,0.8571428571428572
1,frozenset({'other 1'}),"frozenset({'asian (-0.049,4.9]'})",0.3076923076923077,0.9230769230769231
2,"frozenset({'white (-0.084,16.8]'})","frozenset({'asian (-0.049,4.9]'})",0.4358974358974359,0.8947368421052632
3,"frozenset({'crimes (105,550]'})","frozenset({'black (-0.097,48.5]'})",0.48717948717948717,0.9743589743589743
4,"frozenset({'black (48.5,97.1]'})","frozenset({'hispanic (0.915,18]'})",0.32051282051282054,0.8928571428571429
5,"frozenset({'black (48.5,97.1]'})","frozenset({'white (-0.084,16.8]'})",0.32051282051282054,0.8928571428571429
6,"frozenset({'hospital 0', 'crimes (105,550]'})","frozenset({'black (-0.097,48.5]'})",0.32051282051282054,0.9615384615384617
7,"frozenset({'hospital 0', 'black (-0.097,48.5]'})","frozenset({'crimes (105,550]'})",0.32051282051282054,0.806451612903226
